,TMDB ID,Title,Release Date,IMDB ID,Rating,Runtime,Genre,Director,Writer,Actors,Plot,Language,Country,Awards,Poster,IMDB Rating,IMDB Votes,Metascore,Rating Dictionary,Type,DVD Release Date,Box Office,Production
0,522627,The Gentlemen,2020-01-24,tt8367814,R,113 min,"Action, Crime",Guy Ritchie,"Guy Ritchie (screenplay by), Guy Ritchie (story by), Ivan Atkinson (story by), Marn Davies (story by)","Matthew McConaughey, Charlie Hunnam, Michelle Dockery, Jeremy Strong",A British drug lord tries to sell off his highly profitable empire to a dynasty of Oklahoma billionaires.,English,USA,N/A,https://m.media-amazon.com/images/M/MV5BMTlkMmVmYjktYTc2NC00ZGZjLWEyOWUtMjc2MDMwMjQwOTA5XkEyXkFqcGdeQXVyNTI4MzE4MDU@._V1_SX300.jpg,8.1,"9,210",,,movie,N/A,N/A,N/A
1,448119,Dolittle,2020-01-17,tt6673612,PG,101 min,"Action, Adventure, Comedy, Family, Fantasy",Stephen Gaghan,"Stephen Gaghan (screenplay by), Dan Gregor (screenplay by), Hugh Lofting (character created by), Doug Mand (screenplay by), Chris McKay (screenplay by), Thomas Shepherd (screen story by)","Robert Downey Jr., Antonio Banderas, Michael Sheen, Jim Broadbent",A physician discovers that he can talk to animals.,English,USA,N/A,https://m.media-amazon.com/images/M/MV5BMDNkODA5ZGQtODczOS00OTQxLThhMTItMjk0ZmNhMDM0YjNmXkEyXkFqcGdeQXVyMDM2NDM2MQ@@._V1_SX300.jpg,5.6,"4,762",,,movie,N/A,N/A,Universal Pictures
2,637272,Teacher Shortage,2020-01-01,tt8555778,N/A,N/A,Horror,Troy Escamilla,Troy Escamilla,"Brinke Stevens, Debra Lamb, Tamara Glynn, Julie Anne Prescott",What is supposed to be an educational and collaborative weekend professional development session for the English Department of Prescott High School instead turns into a blood soaked nightmare when a masked killer targets them.,English,USA,N/A,https://m.media-amazon.com/images/M/MV5BNzMwNWQzNzEtM2Y1MS00OGJkLTg5ZmYtYjdhM2RjZWYwZjQwXkEyXkFqcGdeQXVyMDQwNTM5NQ@@._V1_SX300.jpg,N/A,N/A,,,movie,N/A,N/A,N/A
3,581418,Afterward,2020-01-01,tt1381523,PG-13,9 min,"Short, Crime, Drama",Kristopher Dolphin,Kristopher Dolphin,"Brett Newton, Braxton Davis, Jeff Koven, Matthew Monahan","Fear can drive us all to do things that are out of our character, which is what happens to our main character, Jimmy. At the same time, he puts himself in a very dangerous and ominous ...",English,USA,N/A,N/A,8.6,14,,,movie,N/A,N/A,N/A
4,634639,Beauty Juice,2019-12-31,tt10648656,N/A,N/A,"Short, Horror",Natasha Halevi,Natasha Halevi,"Jennifer Holland, Krista Allen, Lola Blanc, Parker Love Bowling","An innocent and impressionable girl, Sarah, gets an invitation to a secret beauty shop only to find it's not what she expects.",English,USA,1 win & 1 nomination.,https://m.media-amazon.com/images/M/MV5BNDI4ZWNjM2YtZWY5NS00ZGZmLWIyMzYtNmUwM2Q0NzgxOWY0XkEyXkFqcGdeQXVyNTE2MDQ3MjY@._V1_SX300.jpg,N/A,N/A,,,movie,N/A,N/A,N/A
6,627953,The Observer,2019-12-31,tt10307736,N/A,N/A,Documentary,Rita Andreetti,N/A,Jie Hu,"Widely recognized as the first artist to unflinchingly document and represent the erased years of the Great Famine and the Cultural Revolution, HU Jie is one of China's most essential ...",Chinese,China,N/A,https://m.media-amazon.com/images/M/MV5BN2VmMDZmZWQtYTkyMi00MzhkLWI3ZTgtMGExZTk1YjdlNTRjXkEyXkFqcGdeQXVyMjcwMDg3NzI@._V1_SX300.jpg,N/A,N/A,,,movie,N/A,N/A,N/A
8,591830,Sequestrada,2019-12-31,tt5816566,Not Rated,92 min,Drama,"Sabrina McCormick(co-director), Soopum Sohn(co-director)","Sabrina McCormick, Soopum Sohn","Sam Lilja, Gretchen Mol, Tim Blake Nelson, Marcelo Olinto","When Belo Monte dam displaces an indigenous girl, she must rely on a white man to save her people - although he is the key to their destruction.","Portuguese, English","USA, Brazil",N/A,https://m.media-amazon.com/images/M/MV5BM2Q3YzI0NTgtZWM2NC00Nzk0LTgwZWUtOWZhMGJkMTU1MWE4XkEyXkFqcGdeQXVyNDQ3OTcxMDc@._V1_SX300.jpg,7.2,5,,,movie,N/A,N/A,N/A
9,545635,Garrison 7: The Fallen,2019-12-31,tt4533698,N/A,N/A,"Action, Adventure, Drama",Scott Brewer,Scott Brewer,"Casper Van Dien, Mark Dacascos, Marjean Holden, Hector Luis Bustamante","When an elite special forces commander accidentally uncovers an insidious military conspiracy, his family is brutally murdered. Now the target of an intergalactic manhunt, they will stop at nothing to silence him.",English,Australia,N/A,https://m.media-amazon.com/images/M/MV5BMjE5Njg5ODA4MF5BMl5BanBnXkFtZTgwNjIzNzA2OTE@._V1_SX300.jpg,N/A,N/A,,,movie,N/A,N/A,N/A
10,324515,Blackbird,2019-12-31,tt2077721,Not Rated,103 min,Drama,Jason Buxton,"Noel S. Baker (story editor), Amnon Buchbinder (story editor), Jason Buxton, Gillian Everill (story editor), Michael Melski (story editor)","Connor Jessup, Alexia Fast, Michael Buie, Alex Ozerov",An alienated teenager's posturing online threat ignites a firestorm of fear in a small community.,English,Canada,8 wins & 5 nominations.,https://m.media-amazon.com/images/M/MV5BMTAyMDAzMjY5NzheQTJeQWpwZ15BbWU4MDQ0NTQ4NDMx._V1_SX300.jpg,7.1,"1,485",,,movie,06 Oct 2014,N/A,Blackbird Pictures
12,565307,Clemency,2019-12-27,tt5577494,R,113 min,Drama,Chinonye Chukwu,Chinonye Chukwu,"Aldis Hodge, Alfre Woodard, Wendell Pierce, Michael O'Neill","Years of carrying out death row executions have taken a toll on prison warden Bernadine Williams. As she prepares to execute another inmate, Bernadine must confront the psychological and ...",English,USA,4 wins & 20 nominations.,https://m.media-amazon.com/images/M/MV5BOGM2ZDE4NjMtYjY5MC00MDcwLTllZDYtN2YyNDgxOWE5MjI3XkEyXkFqcGdeQXVyODk4OTc3MTY@._V1_SX300.jpg,6.5,542,,,movie,N/A,N/A,NEON
13,658397,Apparition,2019-12-27,tt2959536,Not Rated,100 min,"Fantasy, Horror, Thriller",Quinn Saunders,"Pete Cafaro, Pete Cafaro, Andrew Kayros, Andrew Kayros","Katrina Law, Jody Quigley, Lili Bordán, Jarett Armstrong","When Doug's fiancée is killed in a car accident he retreats to their isolated farmhouse to recover from his loss, but supernatural occurrences leave him fearing for his sanity and reveal a secret she took with her to the grave.",English,USA,13 wins & 5 nominations.,https://m.media-amazon.com/images/M/MV5BOTUyOTQzOTk4NV5BMl5BanBnXkFtZTgwNDE0MDM1NTE@._V1_SX300.jpg,4.0,541,,,movie,N/A,N/A,N/A
14,661351,Toxicity,2019-12-26,tt7120010,N/A,83 min,"Crime, Drama",Andrew Ericksen,Andrew Ericksen,"Colleen Gentry, Vicky Dawson, Terri Partyka, Theresa Byron",A young widower moves home with his mother and their strained relationship grows even more complicated as he becomes the primary suspect in his wife's suspicious death.,English,USA,N/A,https://m.media-amazon.com/images/M/MV5BNTEyNWU2MDYtYjNlZS00NDQ3LWFmYzktYTE3ZGMyYjA5MjAyXkEyXkFqcGdeQXVyMTYzNTYxOA@@._V1_SX300.jpg,3.1,21,,,movie,N/A,N/A,N/A
15,617768,The Song of Names,2019-12-25,tt1657517,PG-13,113 min,Drama,François Girard,"Norman Lebrecht (based on the novel by), Jeffrey Caine (screenplay)","Clive Owen, Tim Roth, Jonah Hauer-King, Catherine McCormack","Several years after his childhood friend, a violin prodigy, disappears on the eve of his first solo concert, an Englishman travels throughout Europe to find him.",English,"Canada, Hungary",2 nominations.,https://m.media-amazon.com/images/M/MV5BZGY5N2U3YzktNDU5NC00Mzc5LWI4YmEtZTI0MWRiYjdlZjg3XkEyXkFqcGdeQXVyOTgxNDIzMTY@._V1_SX300.jpg,6.2,221,,,movie,N/A,N/A,N/A
16,331482,Little Women,2019-12-25,tt0110367,PG,115 min,"Drama, Family, Romance",Gillian Armstrong,"Louisa May Alcott (novel), Robin Swicord (screenplay)","Winona Ryder, Gabriel Byrne, Trini Alvarado, Samantha Mathis",The March sisters live and grow in post-Civil War America.,"English, German, French","USA, Canada",Nominated for 3 Oscars. Another 5 wins & 15 nominations.,https://m.media-amazon.com/images/M/MV5BNmJhNTgzMWYtZTU5OC00MmE2LTlkN2UtNWE0MmJiNWJmNmZjXkEyXkFqcGdeQXVyMTQxNzMzNDI@._V1_SX300.jpg,7.3,"45,297",,,movie,26 Feb 2008,N/A,N/A
17,522212,Just Mercy,2019-12-25,tt4916630,PG-13,136 min,Drama,Destin Daniel Cretton,"Destin Daniel Cretton, Andrew Lanham, Bryan Stevenson (based on the book by)","Brie Larson, Michael B. Jordan, Jamie Foxx, Rafe Spall",World-renowned civil rights defense attorney Bryan Stevenson works to free a wrongly condemned death row prisoner.,English,USA,7 wins & 8 nominations.,https://m.media-amazon.com/images/M/MV5BYmM4YzA5NjUtZGEyOS00YzllLWJmM2UtZjhhNmJhM2E1NjUxXkEyXkFqcGdeQXVyMTkxNjUyNQ@@._V1_SX300.jpg,6.4,"1,551",,,movie,N/A,N/A,Warner Bros. Pictures
18,431693,Spies in Disguise,2019-12-25,tt5814534,PG,102 min,"Animation, Action, Adventure, Comedy, Family, Sci-Fi","Nick Bruno, Troy Quane","Lucas Martell (inspired by: the animated short film ""Pigeon: Impossible""), Brad Copeland (screenplay by), Lloyd Taylor (screenplay by)","Rachel Brosnahan, Jarrett Bruno, Claire Crosby, Toru Uchikado","When the world's best spy is turned into a pigeon, he must rely on his nerdy tech officer to save the world.","English, Japanese",USA,3 nominations.,https://m.media-amazon.com/images/M/MV5BNzg1MzM3OWUtNjgzZC00NjMzLWE1NzAtOThiMDgyMjhhZDBhXkEyXkFqcGdeQXVyODkzNTgxMDg@._V1_SX300.jpg,6.8,"5,099",,,movie,N/A,N/A,Blue Sky/Chernin Entertainment
19,449924,Ip Man 4: The Finale,2019-12-25,tt2076298,N/A,105 min,"Action, Biography, Drama, History",Wilson Yip,"Tai-lee Chan (screenplay), Hiroshi Fukazawa, Lai-Yin Leung (screenplay), Edmond Wong","Donnie Yen, Scott Adkins, Kwok-Kwan Chan, Vanness Wu",The Kung Fu master travels to the U.S. where his student has upset the local martial arts community by opening a Wing Chun school.,"Mandarin, Cantonese","Hong Kong, China",1 nomination.,https://m.media-amazon.com/images/M/MV5BY2FkY2QzOTctNmViZi00YTU5LTk5ZmQtMTJhMzFiOTIyZDc2XkEyXkFqcGdeQXVyNzQ2NTQzMDk@._V1_SX300.jpg,7.5,"2,979",,,movie,N/A,N/A,N/A
21,642548,Broken Dreams,2019-12-20,tt0023849,Approved,68 min,Drama,Robert G. Vignola,"Maude Fulton, Olga Printzlau (story)","Randolph Scott, Martha Sleeper, Beryl Mercer, Joseph Cawthorn",Medical intern Robert Morley is distraught after his wife dies in childbirth. He's resentful of his new son and wants nothing to do with him. He leaves the child with his aunt and uncle and...,English,USA,1 nomination.,https://m.media-amazon.com/images/M/MV5BNTMyOTc4MTkzNV5BMl5BanBnXkFtZTcwNTUxMzcyMw@@._V1_SX300.jpg,6.0,37,,,movie,26 Apr 2005,N/A,Monogram
22,536869,Cats,2019-12-20,tt5697572,PG,110 min,"Comedy, Drama, Family, Fantasy, Musical",Tom Hooper,"T.S. Eliot (poetry collection ""Old Possum's Books of Practical Cats""), Lee Hall (screenplay), Tom Hooper (screenplay), Andrew Lloyd Webber (musical)","Jennifer Hudson, Judi Dench, Taylor Swift, Robbie Fairchild",A tribe of cats called the Jellicles must decide yearly which one will ascend to the Heaviside Layer and come back to a new Jellicle life.,English,"UK, USA",Nominated for 1 Golden Globe. Another 1 win & 1 nomination.,https://m.media-amazon.com/images/M/MV5BNjRlNTY3MTAtOTViMS00ZjE5LTkwZGItMGYwNGQwMjg2NTEwXkEyXkFqcGdeQXVyNjg2NjQwMDQ@._V1_SX300.jpg,2.8,"20,921",,,movie,N/A,N/A,N/A
25,656216,Bernie the Dolphin 2,2019-12-17,tt9149946,G,99 min,"Action, Comedy, Family",Kirk Harris,"Terri Emerson, Marty Poole","Patrick Muldoon, Kevin Sorbo, Tommi Rose, Vincent De Paul","The kids are thrilled that Bernie has come back. But so has their old enemy Winston, who's about to kidnap the talented dolphin. Kevin and Holly must rescue their splashy friend before it's too late.",English,"Canada, USA",N/A,https://m.media-amazon.com/images/M/MV5BOWZiM2I1NjgtMGQyZi00YmFhLTkxOTctMjMwMzFhZDYxOTgzXkEyXkFqcGdeQXVyOTg4MDYyNw@@._V1_SX300.jpg,4.5,15,,,movie,N/A,N/A,N/A
27,546724,We Summon the Darkness,2019-12-13,tt8058874,N/A,83 min,"Horror, Thriller",Marc Meyers,Alan Trezza,"Alexandra Daddario, Maddie Hasson, Johnny Knoxville, Keean Johnson",Plot unknown.,N/A,USA,1 win & 1 nomination.,https://m.media-amazon.com/images/M/MV5BNDMyNjJjYjEtZGQyZi00NWNhLThiMzMtYTc3M2ExYzJlNmEzXkEyXkFqcGdeQXVyMTY5Nzc4MDY@._V1_SX300.jpg,6.1,42,,,movie,N/A,N/A,N/A
28,621754,Cunningham,2019-12-13,tt8574836,PG,93 min,"Documentary, Biography, Music",Alla Kovgan,Alla Kovgan,"Carolyn Brown, John Cage, Ashley Chen, Brandon Collwes","The iconic Merce Cunningham and the last generation of his dance company is stunningly profiled in Alla Kovgan's 3D documentary, through recreations of his landmark works and archival footage of Cunningham, John Cage, and Robert Rauschenberg.",English,"Germany, France, USA",1 win & 6 nominations.,https://m.media-amazon.com/images/M/MV5BY2YxZDJkMjctOTRhZS00MGM5LWI5NWItMjRlNzFjOTZiYzI0XkEyXkFqcGdeQXVyMTA2MDU0NjM5._V1_SX300.jpg,6.3,98,,,movie,N/A,N/A,Magnolia Pictures
29,473033,Uncut Gems,2019-12-13,tt5727208,R,135 min,"Crime, Drama, Mystery, Thriller","Benny Safdie, Josh Safdie","Ronald Bronstein, Josh Safdie, Benny Safdie","Mesfin Lamengo, Suin Zhi Hua-Hilton, Liang Wei-Hei Duncan, Sunny Wu Jin Zahoo","A charismatic New York City jeweler always on the lookout for the next big score makes a series of high-stakes bets that could lead to the windfall of a lifetime. Howard must perform a precarious high-wire act, balancing business, family, and encroaching adversaries on all sides in his relentless pursuit of the ultimate win.",English,USA,19 wins & 73 nominations.,https://m.media-amazon.com/images/M/MV5BZDhkMjUyYjItYWVkYi00YTM5LWE4MGEtY2FlMjA3OThlYmZhXkEyXkFqcGdeQXVyODk4OTc3MTY@._V1_SX300.jpg,8.0,"22,790",,,movie,N/A,N/A,A24
30,292011,Richard Jewell,2019-12-13,tt3513548,R,131 min,"Biography, Crime, Drama",Clint Eastwood,"Marie Brenner (magazine article), Billy Ray (screenplay)","Paul Walter Hauser, Sam Rockwell, Brandon Stanley, Ryan Boz","American security guard Richard Jewell saves thousands of lives from an exploding bomb at the 1996 Olympics, but is vilified by journalists and the press who falsely reported that he was a terrorist.",English,USA,Nominated for 1 Oscar. Another 5 wins & 11 nominations.,https://m.media-amazon.com/images/M/MV5BOTFlODg1MTEtZTJhOC00OTY1LWE0YzctZjRlODdkYWY5ZDM4XkEyXkFqcGdeQXVyNjU1NzU3MzE@._V1_SX300.jpg,7.6,"9,503",,,movie,N/A,N/A,N/A
31,525661,Bombshell,2019-12-13,tt6394270,R,109 min,"Biography, Drama",Jay Roach,Charles Randolph,"Charlize Theron, Nicole Kidman, Margot Robbie, John Lithgow",A group of women take on Fox News head Roger Ailes and the toxic atmosphere he presided over at the network.,English,"USA, Canada",Nominated for 2 Golden Globes. Another 8 wins & 44 nominations.,https://m.media-amazon.com/images/M/MV5BZjlhOWE3YjktY2MzOC00ZmQ1LWIwNjgtZmVhZmFjZGExMzgyXkEyXkFqcGdeQXVyMDA4NzMyOA@@._V1_SX300.jpg,6.6,"5,085",,,movie,N/A,N/A,N/A
32,510298,Seberg,2019-12-13,tt1780967,R,102 min,"Biography, Drama, Thriller",Benedict Andrews,"Joe Shrapnel, Anna Waterhouse","Kristen Stewart, Yvan Attal, Gabriel Sky, Jack O'Connell","Inspired by real events in the life of French New Wave icon Jean Seberg. In the late 1960s, Hoover's FBI targeted her because of her political and romantic involvement with civil rights activist Hakim Jamal.","English, French","UK, USA",2 nominations.,https://m.media-amazon.com/images/M/MV5BNjk5MTdhZGQtMDEzMC00NTk3LTg1ZjgtZTNhN2RlYzY3N2U1XkEyXkFqcGdeQXVyODk4OTc3MTY@._V1_SX300.jpg,4.8,"1,128",,,movie,N/A,N/A,N/A
33,592128,Mob Town,2019-12-13,tt8722440,R,90 min,"Crime, Drama",Danny A. Abeckaser,"Jon Carlo, Joe Gilford","David Arquette, Danny A. Abeckaser, P.J. Byrne, Jamie-Lynn Sigler","It is a story about the famed meeting of the heads of the Mafia in 1957 in upstate Apalachin, NY.",English,USA,1 win.,https://m.media-amazon.com/images/M/MV5BNWIzNjEwMTUtMTgwNS00OWQzLWFmOWUtYzMyNjI1OTEwZTc1XkEyXkFqcGdeQXVyMzQwMTY2Nzk@._V1_SX300.jpg,4.2,196,,,movie,N/A,N/A,N/A
34,384756,Rabid,2019-12-13,tt0076590,R,91 min,"Horror, Sci-Fi",David Cronenberg,David Cronenberg,"Marilyn Chambers, Frank Moore, Joe Silver, Howard Ryshpan","A young woman develops a taste for human blood after experimental plastic surgery, and her victims turn into blood-thirsty zombies, leading into a city-wide epidemic.",English,Canada,2 wins.,https://m.media-amazon.com/images/M/MV5BZmNjNGY5ZTEtODQ2Yi00ZTFiLTg3YjAtYWQ4NWU1YmZjODY1XkEyXkFqcGdeQXVyMTQxNzMzNDI@._V1_SX300.jpg,6.3,"14,278",,,movie,24 Oct 2000,N/A,New Concorde Home Entertainment
35,644009,One Winter Night,2019-12-13,tt6692264,N/A,130 min,"Drama, Horror, Mystery",Ryan Callaway,Ryan Callaway,"Breanna Engle, Brittini Schreiber, Ariella Mossey, Isabelle Zufferey Boulton",An Orthodox Jewish mother and her daughters fall prey to the malevolent forces that preside over a rural community.,English,USA,1 win.,https://m.media-amazon.com/images/M/MV5BYjUxMWUwYjktOTUxNS00MzY2LTgzM2UtOGZjZTZkNDhmMTk3XkEyXkFqcGdeQXVyODk5MjQ1Nw@@._V1_SX300.jpg,6.3,163,,,movie,N/A,N/A,N/A
36,130421,Hanukkah,2019-12-13,tt2562146,N/A,N/A,Horror,Eben McGarr,Eben McGarr,"Charles Fleischer, Sid Haig, Caroline Williams, P.J. Soles","A group of Jewish young adults are preparing for the holidays, but are in for a Festival of Frights. With the help of a wise Rabbi, they deduce that they are being targeted because they ...",English,USA,N/A,https://m.media-amazon.com/images/M/MV5BODYyNzg1ODktNDAwYS00Y2EzLWE3NWUtODM3YzNkZDk0YzQwXkEyXkFqcGdeQXVyMTcyMTk1Mg@@._V1_SX300.jpg,N/A,N/A,,,movie,N/A,N/A,N/A
37,403300,A Hidden Life,2019-12-13,tt5827916,PG-13,174 min,"Biography, Drama, Romance, War",Terrence Malick,Terrence Malick,"August Diehl, Valerie Pachner, Maria Simon, Karin Neuhäuser","The Austrian Franz Jägerstätter, a conscientious objector, refuses to fight for the Nazis in World War II.","English, German, Italian","Germany, USA",3 wins & 12 nominations.,https://m.media-amazon.com/images/M/MV5BMDk4OTU0ZjctMjhhYS00YmVlLThlMDAtMjU4YzhlN2IyYzI3XkEyXkFqcGdeQXVyMTkxNjUyNQ@@._V1_SX300.jpg,7.7,"3,071",,,movie,N/A,N/A,Fox Searchlight Pictures
38,551808,Black Christmas,2019-12-13,tt0071222,R,98 min,"Horror, Mystery, Thriller",Bob Clark,Roy Moore (screenplay),"Olivia Hussey, Keir Dullea, Margot Kidder, John Saxon","During their Christmas break, a group of sorority girls are stalked by a stranger.",English,Canada,2 wins & 2 nominations.,https://m.media-amazon.com/images/M/MV5BMDUxM2IyYzgtMjU1ZS00Mzc4LWIwMmUtYzczMzM5ZWIzNGUxXkEyXkFqcGdeQXVyMTQxNzMzNDI@._V1_SX300.jpg,7.2,"30,180",,,movie,06 Nov 2001,N/A,Warner Bros. Pictures
39,639477,American Hunt,2019-12-10,tt8918392,N/A,80 min,"Horror, Thriller",Aaron Mirtes,Aaron Mirtes,"Brad Belemjian, David Ditmore, Lacy Hartselle, Taylor Novak","A group of friends is torn apart when they become part of two human hunter's sick game. The men give them ten minutes to hide, and then the real hunt begins.",English,USA,N/A,https://m.media-amazon.com/images/M/MV5BNTM5YjEyNTItMWU5Ny00ZWVmLWEzYmEtYzg0ZTRlMWJhNmFhXkEyXkFqcGdeQXVyNTA0MDQ3NjY@._V1_SX300.jpg,5.3,39,,,movie,N/A,N/A,N/A
40,530915,1917,2019-12-10,tt8579674,R,119 min,"Drama, War",Sam Mendes,"Sam Mendes, Krysty Wilson-Cairns","Dean-Charles Chapman, George MacKay, Daniel Mays, Colin Firth","Two young British soldiers during the First World War are given an impossible mission: deliver a message deep in enemy territory that will stop 1,600 men, and one of the soldiers' brothers, from walking straight into a deadly trap.","English, French, German","UK, USA",Won 2 Golden Globes. Another 51 wins & 153 nominations.,https://m.media-amazon.com/images/M/MV5BOTdmNTFjNDEtNzg0My00ZjkxLTg1ZDAtZTdkMDc2ZmFiNWQ1XkEyXkFqcGdeQXVyNTAzNzgwNTg@._V1_SX300.jpg,8.6,"8,580",,,movie,N/A,N/A,Universal Pictures
41,655587,Infernum,2019-12-10,tt1786520,N/A,7 min,"Short, Drama, History",Ted Marcus,"Ted Marcus (story), Ted Marcus, Ted Marcus","David Dayan Fisher, Charlie Hunter, Vera R. Taylor, Denis O'Mahoney","A high-stakes drama of redemption and death, set during the chaos and brutality of the medieval Inquisition.",English,USA,N/A,N/A,4.6,8,,,movie,N/A,N/A,N/A
43,588787,Ordinary Love,2020-02-14,tt6012380,R,92 min,"Drama, Romance","Lisa Barros D'Sa, Glenn Leyburn",Owen McCafferty,"Liam Neeson, Lesley Manville, Amit Shah, David Wilmot",An extraordinary look at the lives of a middle-aged couple in the midst of the wife's breast cancer diagnosis.,English,UK,3 nominations.,https://m.media-amazon.com/images/M/MV5BNTIyOTViNDEtOTI1My00ODk3LWJlMjAtMDZiMDJhZWU0MjM4XkEyXkFqcGdeQXVyMTkxNjUyNQ@@._V1_SX300.jpg,7.5,272,,,movie,N/A,N/A,N/A
44,474764,The Lodge,2020-02-07,tt0475323,R,83 min,"Horror, Thriller","Brad Helmink, John Rauschelbach",Deb Havener,"Kevin McClatchy, Elizabeth Kell, Owen Szabo, Mandi Kreisher",A young couple's weekend getaway at a secluded mountain ranch becomes an unfathomable nightmare when they discover the truth about the caretaker.,English,USA,2 wins & 1 nomination.,https://m.media-amazon.com/images/M/MV5BMTY5NDY0Mzg1Nl5BMl5BanBnXkFtZTcwNTkzMzk2MQ@@._V1_SX300.jpg,3.9,"1,196",,,movie,24 Jun 2008,N/A,Monarch Home Video
45,650272,Beyond the Law,2019-12-06,tt0103805,R,108 min,"Crime, Drama, Thriller",Larry Ferguson,Larry Ferguson,"Charlie Sheen, Linda Fiorentino, Michael Madsen, Courtney B. Vance","An undercover cop joins a murderous, arms-dealing biker gang to try to put them behind bars.",English,USA,N/A,https://m.media-amazon.com/images/M/MV5BMjE3MDQxNTkxNF5BMl5BanBnXkFtZTcwNzYzMzgxMQ@@._V1_SX300.jpg,6.6,"5,897",,,movie,19 Jun 2001,N/A,Lionsgate
46,537788,Daniel Isn't Real,2019-12-06,tt8745960,Not Rated,100 min,Thriller,Adam Egypt Mortimer,"Brian DeLeeuw (novel), Brian DeLeeuw, Adam Egypt Mortimer","Miles Robbins, Patrick Schwarzenegger, Sasha Lane, Mary Stuart Masterson","A troubled college freshman, Luke, suffers a violent family trauma. He then resurrects his charismatic childhood imaginary friend Daniel to help him cope, not realizing how dangerous Daniel is.",English,USA,5 wins & 3 nominations.,https://m.media-amazon.com/images/M/MV5BNDFhMGJjMjQtODU0OC00NWQ5LWJhNjctOTZiZjA4NTYyZWQyXkEyXkFqcGdeQXVyMjE4NzUxNDA@._V1_SX300.jpg,6.0,"1,473",,,movie,N/A,N/A,N/A
47,491037,The Mandela Effect,2019-12-06,tt6544220,N/A,80 min,"Drama, Sci-Fi, Thriller",David Guy Levy,"David Guy Levy, Steffen Schlachtenhaufen","Charlie Hofheimer, Aleksa Palladino, Robin Lord Taylor, Clarke Peters","A man becomes obsessed with facts and events that have been collectively misremembered by thousands of people. Believing the phenomena to be the symptom of something larger, his obsession eventually leads him to question reality itself.","English, Spanish",USA,N/A,https://m.media-amazon.com/images/M/MV5BNzA5ZjY3MGQtY2QxOC00Zjc1LWIzNWYtMDJlMTdkZDFiZjU5XkEyXkFqcGdeQXVyMTUyMzIxNw@@._V1_SX300.jpg,5.7,599,,,movie,N/A,N/A,N/A
48,461130,Code 8,2019-12-13,tt6259380,N/A,98 min,"Crime, Drama, Sci-Fi, Thriller",Jeff Chan,"Chris Pare (screenplay by), Jeff Chan (story by)","Stephen Amell, Laysla De Oliveira, Robbie Amell, Kari Matchett",A super-powered construction worker falls in with a group of criminals in order to raise the funds to help his ill mother.,English,Canada,N/A,https://m.media-amazon.com/images/M/MV5BNmQ2NWMyZDgtNWQ5My00ZmQwLWE0MTQtN2ZiNjY2ODc0Y2YxXkEyXkFqcGdeQXVyMTkxNjUyNQ@@._V1_SX300.jpg,6.1,"9,006",,,movie,N/A,N/A,N/A
49,641790,Trauma Center,2019-12-06,tt9625664,R,87 min,"Action, Thriller",Matt Eskandari,Paul Da Silva,"Bruce Willis, Nicky Whelan, Steve Guttenberg, Lala Kent","Alone and trapped in a locked-down hospital isolation ward overnight, an injured young woman must escape a pair of vicious killers who are after the only piece of evidence that can ...","English, Spanish",USA,N/A,https://m.media-amazon.com/images/M/MV5BMTRkNWM1MmEtZDYzOC00NWI2LTljYzctYWIwYTdjYWNjYTMxXkEyXkFqcGdeQXVyMTkxNjUyNQ@@._V1_SX300.jpg,5.1,"2,741",,,movie,N/A,N/A,N/A
50,652618,Dropa,2019-12-06,tt1822395,N/A,101 min,"Drama, Sci-Fi, Thriller",Wayne Slaten,Wayne Slaten,"Jason Douglas, David Matranga, James Hong, Shayla Bagir",The hunt is on as a government assassin comes out of retirement to track down a killer extraterrestrial murdering the former members of his team in this science fiction thriller set in an alternate future America.,English,USA,2 nominations.,https://m.media-amazon.com/images/M/MV5BZTc0ZWE5ZDAtYjE1ZS00OTVhLTgzMmItMTFiOTQ5ZjRkODJlXkEyXkFqcGdeQXVyODA0MzExMjY@._V1_SX300.jpg,3.9,113,,,movie,N/A,N/A,N/A
51,660609,Uncorked,2019-12-06,tt1410068,TV-PG,N/A,"Drama, Romance",David S. Cass Sr.,Jim Head,"Julie Benz, JoBeth Williams, Elliott Gould, Scott Elrod",Johnny is a high-powered executive who is definitely not looking to fall in love but a business conference takes her to wine country she meets a handsome widower Andrew who invites Johnny ...,English,USA,N/A,https://m.media-amazon.com/images/M/MV5BM2I5MDJlOGItMzVhMC00OTY2LTg1YTMtNjRhMmUyNGYyNzI3XkEyXkFqcGdeQXVyNTM3MDMyMDQ@._V1_SX300.jpg,6.3,646,,,movie,N/A,N/A,N/A
52,648510,Most Likely to Succeed,2019-12-06,tt4267108,N/A,86 min,"Documentary, Drama, News",Greg Whiteley,Greg Whiteley,"Laszlo Bock, Brian Cesson, Scott Swaaley",A powerful documentary examining education in America and inspiring school communities to re-imagine what students and teachers are capable of doing.,English,USA,2 nominations.,https://m.media-amazon.com/images/M/MV5BNTgxMDI4MjY1N15BMl5BanBnXkFtZTgwNDQxNjY3MzE@._V1_SX300.jpg,8.3,106,,,movie,N/A,N/A,One Potato Productions
53,532903,After Class,2019-12-06,tt7187768,N/A,93 min,"Comedy, Drama",Daniel Schechter,Daniel Schechter,"Justin Long, Fran Drescher, Richard Schiff, Kate Berlant",An NYC professor spends a week re-connecting with his family while defending his reputation over controversial behavior at his college.,English,USA,3 wins & 1 nomination.,https://m.media-amazon.com/images/M/MV5BMTc3MjIxNDQ5Nl5BMl5BanBnXkFtZTgwMzI3Njc5NzM@._V1_SX300.jpg,5.2,139,,,movie,06 Dec 2019,N/A,Gravitas Ventures
54,458104,Hold On,2019-12-06,tt5421684,N/A,22 min,"Short, Drama, Music",Charlotte Scott-Wilson,"Charlotte Scott-Wilson, Marielot van der Slikke","Charlie Chan Dagelet, Roeland Fernhout, Lidewij Mahler, Hans Dagelet","A young, talented cellist suddenly develops stage fright after one of her cello strings comes lose during an important performance.",Dutch,Netherlands,1 win.,https://m.media-amazon.com/images/M/MV5BOTYxYmY2ZDgtYmVmNC00ZDQ4LWI0MGQtMzQxM2EyODUwZjE1XkEyXkFqcGdeQXVyMjU5MjAwMDU@._V1_SX300.jpg,7.4,74,,,movie,N/A,N/A,N/A
56,512200,Jumanji: The Next Level,2019-12-13,tt7975244,PG-13,123 min,"Action, Adventure, Comedy, Fantasy",Jake Kasdan,"Jake Kasdan, Jeff Pinkner, Scott Rosenberg, Chris Van Allsburg (based on the book: ""Jumanji"" by)","Dwayne Johnson, Jack Black, Kevin Hart, Karen Gillan","In Jumanji: The Next Level, the gang is back but the game has changed. As they return to rescue one of their own, the players will have to brave parts unknown from arid deserts to snowy mountains, to escape the world's most dangerous game.",English,USA,2 nominations.,https://m.media-amazon.com/images/M/MV5BOTVjMmFiMDUtOWQ4My00YzhmLWE3MzEtODM1NDFjMWEwZTRkXkEyXkFqcGdeQXVyMTkxNjUyNQ@@._V1_SX300.jpg,7.0,"61,847",,,movie,N/A,N/A,Sony Pictures
57,664162,A Rebel Born,2019-12-03,tt11202796,N/A,80 min,Action,Christopher Forbes,Lochlainn Seabrook,"William Adams, Jezibell Anat, Karl Bishop, Jerry Chesser","""Braveheart"" meets ""Gods and Generals.""",English,USA,N/A,https://m.media-amazon.com/images/M/MV5BOGNhODY3NTYtYmNlZi00ZGJkLWI2ZjQtM2RiMThjY2EyNzM4XkEyXkFqcGdeQXVyMTIxNjQ4OTA@._V1_SX300.jpg,N/A,N/A,,,movie,N/A,N/A,N/A
58,653151,Les Misérables: The Staged Concert,2019-12-08,tt11229886,Unrated,170 min,Musical,N/A,N/A,N/A,Seen by over 120 million people worldwide one of the world's most popular musicals. Now cinema audiences can experience a live broadcast of the musical phenomenon which broke box office records and sold out its entire 16-week season.,N/A,N/A,N/A,https://m.media-amazon.com/images/M/MV5BNGM2NGZhNjEtOGY5Yy00ZGUzLWIwODItMzcwNDQzNDlhM2JiXkEyXkFqcGdeQXVyMDIwOTA4Mg@@._V1_SX300.jpg,8.7,36,,,movie,N/A,N/A,N/A
60,662957,Texas Death Trippin',2019-12-01,tt10772304,Unrated,62 min,"Comedy, Horror",Robbie Lopez,Robbie Lopez (Written by),"Daisy Coleman, Cody Calderas, Bryan Slusher, Bartlett Benjamin",A group of young adult stoners set out on a Roadtrip to a three day music festival.,English,USA,N/A,https://m.media-amazon.com/images/M/MV5BYWU2ZjdmZjMtNWJiNy00OGJkLTlkOTAtYzI2OTliYjNjZDU5XkEyXkFqcGdeQXVyMTA2MTI0ODQ0._V1_SX300.jpg,7.9,16,,,movie,N/A,N/A,N/A
61,660624,Owl,2019-12-01,tt0373852,N/A,119 min,"Comedy, Drama",Kaneto Shindô,Kaneto Shindô,"Akira Emoto, Daijirô Harada, Mansaku Ikeuchi, Ayumi Itô","A mother and daughter living alone in a small village in deep Japan manage to get out of poverty seducing men, who offer their sexual services and then poisoned with a drink similar to sake.",N/A,Japan,1 win & 1 nomination.,https://m.media-amazon.com/images/M/MV5BNTZiNjNhM2MtNTEyYy00ZjE5LWFiNjEtYWY0N2M5ODYyMDAxXkEyXkFqcGdeQXVyMTc0MTEzMzM@._V1_SX300.jpg,6.6,88,,,movie,N/A,N/A,N/A
62,586422,Rag Doll,2019-12-01,tt5990464,N/A,103 min,"Action, Drama",Bailey Kobe,Darren Longley,"Shannon Murray, Stephanie Erb, Dot-Marie Jones, Dante Basco","In an attempt to escape the systemic violence in her life, inexperienced Nora Phoenix enters an MMA tournament with high hopes to save her mother's life and change hers forever. But when ...",English,USA,19 wins & 7 nominations.,https://m.media-amazon.com/images/M/MV5BNTg0ZmNlMDAtY2MzYS00YWFmLWI4ZmMtODE4ZTJmNGYxMzZkXkEyXkFqcGdeQXVyMjIyNzQwNQ@@._V1_SX300.jpg,7.6,8,,,movie,N/A,N/A,N/A
63,652694,The Man in the Trunk,2019-11-29,tt3293594,Unrated,84 min,"Crime, Drama, Horror, Mystery, Thriller",Marc Hampson,"Aaron Fairley, Marc Hampson, Ronnie Ursenbach (story)","Ace Marrero, Erik Bogh, Vanessa Reynolds, Ryan Schwartzman","A late night knock at the door from an absent friend brings the question - ""I need you to come with me, but I can't tell you where we're going or what we're going to do."" How far would you go to help those you care about?",English,USA,1 win.,https://m.media-amazon.com/images/M/MV5BMTE0NzcyNjktMWY0MS00OTc3LTliNGYtYWNjNWYyYzJlYTZmXkEyXkFqcGdeQXVyMjQ5ODg2ODg@._V1_SX300.jpg,3.2,120,,,movie,N/A,N/A,N/A
65,650278,Almost Home,2019-11-29,tt3597380,G,4 min,"Animation, Short, Comedy, Family, Sci-Fi",Todd Wilderman,Adam Rex (novel),"Steve Martin, Tom McGrath, David Soren","A group of aliens searching for a new planet on which to make home, with little success. Promotional short for Dreamworks Animation's forthcoming feature, Home.",English,USA,N/A,https://m.media-amazon.com/images/M/MV5BMTc1MzU2ZWItODc5ZS00N2Q2LWE5NGQtYmE5NTdkNTZkNWQxXkEyXkFqcGdeQXVyMjExNjgyMTc@._V1_SX300.jpg,6.4,519,,,movie,N/A,N/A,20th Century Fox
66,546554,Knives Out,2019-11-27,tt8946378,PG-13,131 min,"Comedy, Crime, Drama, Mystery, Thriller",Rian Johnson,Rian Johnson,"Daniel Craig, Chris Evans, Ana de Armas, Jamie Lee Curtis","A detective investigates the death of a patriarch of an eccentric, combative family.","English, Spanish",USA,Nominated for 1 Oscar. Another 39 wins & 84 nominations.,https://m.media-amazon.com/images/M/MV5BMGUwZjliMTAtNzAxZi00MWNiLWE2NzgtZGUxMGQxZjhhNDRiXkEyXkFqcGdeQXVyNjU1NzU3MzE@._V1_SX300.jpg,8.0,"127,616",,,movie,N/A,N/A,Lionsgate
67,551332,The Two Popes,2019-11-27,tt8404614,PG-13,125 min,"Biography, Comedy, Drama",Fernando Meirelles,Anthony McCarten,"Anthony Hopkins, Jonathan Pryce, Juan Minujín, Luis Gnecco","Behind Vatican walls, the conservative Pope Benedict and the liberal future Pope Francis must find common ground to forge a new path for the Catholic Church.","Latin, English, Spanish, Italian, French, Portuguese, German","UK, Italy",Nominated for 4 Golden Globes. Another 9 wins & 41 nominations.,https://m.media-amazon.com/images/M/MV5BY2RiOTc1YmYtMDk0Yy00ZWI4LTgzN2YtYTg2ZDZmOGIwNTA1XkEyXkFqcGdeQXVyMTMxODk2OTU@._V1_SX300.jpg,7.7,"40,362",,,movie,20 Dec 2019,N/A,Netflix
68,536743,Queen & Slim,2019-11-27,tt8722346,R,132 min,Drama,Melina Matsoukas,"Lena Waithe (screenplay by), James Frey (story by), Lena Waithe (story by)","Daniel Kaluuya, Jodie Turner-Smith, Bokeem Woodbine, Chloë Sevigny",A couple's first date takes an unexpected turn when a police officer pulls them over.,English,"Canada, USA",5 wins & 28 nominations.,https://m.media-amazon.com/images/M/MV5BMjIzYmJkZmEtM2RkZS00MDA4LTg4NjAtOGRkN2EwZmFmMWE4XkEyXkFqcGdeQXVyNjg2NjQwMDQ@._V1_SX300.jpg,7.0,"5,084",,,movie,N/A,N/A,N/A
69,607175,Stay Out Stay Alive,2019-11-26,tt5956016,N/A,85 min,"Horror, Thriller",Dean Yurke,Dean Yurke,"Brie Mattson, Brandon Wardle, Christina July Kim, William Romano-Pugh","Shadowed by a haunting presence in the redwood forest, five young hikers discover an abandoned goldmine dating back to the Gold Rush and descend into madness and greed as the pursuit of easy riches consumes them.",English,USA,12 wins & 8 nominations.,https://m.media-amazon.com/images/M/MV5BM2JhMWFmM2MtMGZmZS00NTQ5LWE0YTUtYzkxNzI1ZDdmODI1XkEyXkFqcGdeQXVyMjkwNTcwNw@@._V1_SX300.jpg,3.7,436,,,movie,N/A,N/A,N/A
70,637963,Never Surrender: A Galaxy Quest Documentary,2019-11-26,tt11044122,N/A,95 min,Documentary,Jack Bennett,N/A,"Tim Allen, Greg Berlanti, Elizabeth Cantillon, Enrico Colantoni","Filmmakers and stars discuss the filming and social effects of Galaxy Quest, a comedic take-off of Star Trek, with brilliant commentary not only on the Star Trek series but on the real-life actors themselves.",English,USA,N/A,https://m.media-amazon.com/images/M/MV5BOWM5NzVlN2ItYWRiNC00YjQ3LTk1NWYtOGFmNTQwMTFkMWMwXkEyXkFqcGdeQXVyNTE1NjY5Mg@@._V1_SX300.jpg,N/A,N/A,,,movie,N/A,N/A,N/A
72,663033,The Fridge,2019-11-24,tt0426692,N/A,N/A,Music,N/A,N/A,Neil Cole,N/A,English,UK,N/A,N/A,7.0,8,,,series,,,
73,566220,Shooting the Mafia,2019-11-22,tt9358256,N/A,94 min,"Documentary, Biography",Kim Longinotto,N/A,Letizia Battaglia,Italian photographer Letizia Battaglia spends her career documenting the life and crimes of the Mafia.,English,Ireland,2 wins & 6 nominations.,https://m.media-amazon.com/images/M/MV5BYzViZTNjYWUtM2E5Ni00NDIyLWE2MzItZjVjYTY4YzQ3OGU5XkEyXkFqcGdeQXVyMjUzMTYzMDI@._V1_SX300.jpg,7.0,195,,,movie,N/A,N/A,Cohen Media Group
74,412061,Age Out,2019-11-22,tt5342090,PG-13,91 min,"Crime, Drama",A.J. Edwards,A.J. Edwards,"Tye Sheridan, Imogen Poots, Caleb Landry Jones, Jeffrey Wright","Fresh out of foster care at age 18, a young drifter turns to petty crime to survive, and discovers an impossible love in an unlikely friend.",English,USA,N/A,https://m.media-amazon.com/images/M/MV5BOTViMWFhNjEtODgxMy00MWQ0LWI0M2MtYTdhNTE5NWM3NGFjXkEyXkFqcGdeQXVyNTUyMzY1MDI@._V1_SX300.jpg,6.1,287,,,movie,N/A,N/A,OnBuzz
75,552178,Dark Waters,2019-11-22,tt9071322,PG-13,126 min,"Biography, Drama, History, Thriller",Todd Haynes,"Matthew Michael Carnahan, Mario Correa, Nathaniel Rich (magazine article)","Anne Hathaway, Mark Ruffalo, Tim Robbins, Bill Pullman",A corporate defense attorney takes on an environmental lawsuit against a chemical company that exposes a lengthy history of pollution.,English,USA,4 nominations.,https://m.media-amazon.com/images/M/MV5BODQ0M2Y5M2QtZGIwMC00MzJjLThlMzYtNmE3ZTMzZTYzOGEwXkEyXkFqcGdeQXVyMTkxNjUyNQ@@._V1_SX300.jpg,7.6,"3,906",,,movie,N/A,N/A,N/A
76,501907,A Beautiful Day in the Neighborhood,2019-11-22,tt3224458,PG,109 min,"Biography, Drama",Marielle Heller,"Tom Junod (Inspired by the article ""Can You Say ... Hero"" by), Noah Harpster, Micah Fitzerman-Blue","Tom Hanks, Matthew Rhys, Chris Cooper, Susan Kelechi Watson",Based on the true story of a real-life friendship between Fred Rogers and journalist Tom Junod.,English,"China, USA",Nominated for 1 Golden Globe. Another 1 win & 45 nominations.,https://m.media-amazon.com/images/M/MV5BYTc1OWFmZDYtNDkzMy00ZjM2LTkxZDItM2E3ZTg3NTE1ZWE2XkEyXkFqcGdeQXVyMTkxNjUyNQ@@._V1_SX300.jpg,7.7,"13,297",,,movie,N/A,N/A,Sony Pictures
77,489932,All Rise,2019-11-22,tt10329042,Not Rated,44 min,Drama,N/A,Greg Spottiswood,"Simone Missick, Wilson Bethel, Jessica Camacho, J. Alex Brinson","A look at the personal and professional lives of the judges, lawyers, clerks, bailiffs and cops who work at an L.A. County courthouse.",English,USA,N/A,https://m.media-amazon.com/images/M/MV5BYTk5ZjI0M2MtYjQ5Ny00OWJmLWExYWEtNjRlMTdkNjYwMGIzXkEyXkFqcGdeQXVyMTkxNjUyNQ@@._V1_SX300.jpg,6.4,"1,727",,,series,,,
78,535308,Hala,2019-11-22,tt6348410,R,94 min,Drama,Minhal Baig,Minhal Baig (written for the screen by),"Geraldine Viswanathan, Jack Kilmer, Gabriel Luna, Purbi Joshi",Muslim teenager Hala copes with the unraveling of her family as she comes into her own.,"English, Urdu",USA,2 nominations.,https://m.media-amazon.com/images/M/MV5BYmYxNzk2ZmMtNTEzMi00N2M3LWIxMTktNTc2ZGMyYmM2NjQ4XkEyXkFqcGdeQXVyMTkxNjUyNQ@@._V1_SX300.jpg,5.7,895,,,movie,N/A,N/A,Apple TV+
79,567598,Greed,2020-02-21,tt0015881,Not Rated,140 min,"Drama, Thriller, Western",Erich von Stroheim,"June Mathis (screen adaptation and scenario), Erich von Stroheim (screen adaptation and scenario), Frank Norris (from the American classic ""McTeague"" by)","Zasu Pitts, Gibson Gowland, Jean Hersholt, Dale Fuller",The sudden fortune won from a lottery fans such destructive greed that it ruins the lives of the three people involved.,English,USA,1 win.,https://m.media-amazon.com/images/M/MV5BNzFhZWQ1MjgtYTNmNy00ZjdhLWEwZDctMzJkYzE5YTQwNjIxXkEyXkFqcGdeQXVyNzkwMjQ5NzM@._V1_SX300.jpg,8.1,"8,406",,,movie,N/A,N/A,Warner Home Video
80,640882,3022,2019-11-22,tt9465600,R,91 min,Sci-Fi,John Suits,Ryan Binaco,"Omar Epps, Kate Walsh, Miranda Cosgrove, Enver Gjokaj",A group of astronauts living in the haunting emptiness of deep space awake to find earth has suffered an extinction level event.,"English, French",USA,N/A,https://m.media-amazon.com/images/M/MV5BNWNhMDdiYzktMjQzNy00NGYwLWIwMTQtMmFiNzZkZGRjOTI3XkEyXkFqcGdeQXVyMzQwMTY2Nzk@._V1_SX300.jpg,4.3,"1,114",,,movie,N/A,N/A,N/A
81,611914,The Courier,2019-11-22,tt0995845,R,95 min,"Action, Crime, Drama, Mystery, Thriller",Hany Abu-Assad,"Brannon Coombs, Pete Dris","Jeffrey Dean Morgan, Josie Ho, Til Schweiger, Miguel Ferrer",A specialist carrier is hired to deliver a mysterious case to the underworld's most dangerous hitman.,English,USA,N/A,https://m.media-amazon.com/images/M/MV5BMjE5OTU1Mzc0OV5BMl5BanBnXkFtZTgwNDk1NjI2MDE@._V1_SX300.jpg,4.5,"4,334",,,movie,09 Oct 2012,N/A,TC Productions
82,649524,Behind the Trees,2019-11-21,tt8370274,N/A,N/A,"Horror, Mystery, Thriller",Vikram Jayakumar,"Vikram Jayakumar, Arjun Grover","Vanessa Curry, Sahil Shroff, Subrat Dutta, Tvisha Seema","While on a romantic getaway in the Indian wilderness, a couple from Los Angeles accidentally witnesses the haunting exorcism of an 11-year old girl. They decide to rescue her.",English,USA,N/A,https://m.media-amazon.com/images/M/MV5BZTQ1NTU3NjUtYjQ1OC00M2FiLWFkZjAtZjY5YjMyOTRlMTc3XkEyXkFqcGdeQXVyMjc4ODUyNTI@._V1_SX300.jpg,6.0,72,,,movie,N/A,N/A,N/A
83,330457,Frozen II,2019-11-22,tt4520988,PG,103 min,"Animation, Adventure, Comedy, Family, Fantasy, Musical","Chris Buck, Jennifer Lee","Jennifer Lee (screenplay by), Jennifer Lee (story by), Chris Buck (story by), Kristen Anderson-Lopez (story by), Robert Lopez (story by), Marc Smith (story by)","Kristen Bell, Idina Menzel, Josh Gad, Jonathan Groff","Anna, Elsa, Kristoff, Olaf and Sven leave Arendelle to travel to an ancient, autumn-bound forest of an enchanted land. They set out to find the origin of Elsa's powers in order to save their kingdom.",English,USA,Nominated for 2 Golden Globes. Another 2 wins & 42 nominations.,https://m.media-amazon.com/images/M/MV5BMjA0YjYyZGMtN2U0Ni00YmY4LWJkZTItYTMyMjY3NGYyMTJkXkEyXkFqcGdeQXVyNDg4NjY5OTQ@._V1_SX300.jpg,7.2,"43,674",,,movie,25 Feb 2020,N/A,Walt Disney Pictures
84,588064,The Fare,2019-11-19,tt7293920,N/A,82 min,"Mystery, Romance, Thriller",D.C. Hamilton,Brinna Kelly,"Gino Anthony Pesi, Brinna Kelly, Jason Stuart, Jon Jacobs","A taxi driver finds himself trapped in a time loop. He picks up a pretty woman in a rural area at night. Later she disappears. The loop starts over, when he switches the meter back to vacant.",English,USA,4 wins & 8 nominations.,https://m.media-amazon.com/images/M/MV5BYWZjOWE1NTctNjk4MS00NDRlLTkxNmYtNGVlYzM1OTE3ZmJiXkEyXkFqcGdeQXVyNDQzMjI2OTU@._V1_SX300.jpg,5.6,232,,,movie,19 Nov 2019,N/A,N/A
86,652340,A Haunting on Brockway Street,2019-11-15,tt11305096,N/A,132 min,Documentary,Steven 'Prozak' Shippy,N/A,"Jamie Brett, Steve Gonsalves, Joshua Kuchta","In 2007, the Braley Family decided to rescue an abandoned and dilapidated Civil War Era home in historic Saginaw, Michigan. Despite the overwhelming need for repair, the Braley's saw ...",English,USA,N/A,https://m.media-amazon.com/images/M/MV5BZTRmMDkxNGYtZTVmMy00N2IwLWEyYzYtYjc0NjdjZDk1ZDdhXkEyXkFqcGdeQXVyNTM3MDMyMDQ@._V1_SX300.jpg,5.4,93,,,movie,N/A,N/A,N/A
87,533444,Waves,2019-11-15,tt8652728,R,135 min,"Drama, Romance, Sport",Trey Edward Shults,Trey Edward Shults,"Taylor Russell, Kelvin Harrison Jr., Alexa Demie, Bill Wise","Traces the journey of a suburban family - led by a well-intentioned but domineering father - as they navigate love, forgiveness, and coming together in the aftermath of a loss.",English,USA,11 wins & 31 nominations.,https://m.media-amazon.com/images/M/MV5BMWE2OTdiY2MtM2ViNy00NmExLWIxZjYtYTVkNGJkNzgwYjVmXkEyXkFqcGdeQXVyNjgzMjQ0MTA@._V1_SX300.jpg,8.0,"2,541",,,movie,N/A,N/A,A24
88,635885,Feast of the Seven Fishes,2019-11-15,tt7846056,N/A,99 min,Comedy,Robert Tinnell,Robert Tinnell,"Skyler Gisondo, Madison Iseman, Josh Helman, Ray Abruzzo","A slice of life story that follows a large Italian family on Christmas Eve as they prepare for the traditional Feast of the Seven Fishes, reminisce about the past, and seek love in the future.",English,USA,1 win.,https://m.media-amazon.com/images/M/MV5BY2ZiYTA3OGMtMjBkOS00MDczLTkzODUtNDA0NGY1ZGM3M2JjXkEyXkFqcGdeQXVyNDExMzMxNjE@._V1_SX300.jpg,6.6,309,,,movie,N/A,N/A,N/A
89,560192,Grand Isle,2019-11-15,tt8380776,N/A,97 min,"Action, Thriller",Stephen S. Campanelli,"Iver William Jallah, Rich Ronat","Nicolas Cage, KaDee Strickland, Luke Benward, Kelsey Grammer",A young father is charged for murder and must prove his innocence through recalling a very twisted and dark night of events.,English,USA,N/A,https://m.media-amazon.com/images/M/MV5BNDAyN2M2OTgtMjc5Ni00MDJiLTk0OWEtMWI3MDA0NzNjZmRkXkEyXkFqcGdeQXVyNDExMzMxNjE@._V1_SX300.jpg,4.6,698,,,movie,N/A,N/A,N/A
90,492002,Radioflash,2019-11-15,tt7288408,Unrated,103 min,"Drama, Thriller",Ben McPherson,Ben McPherson,"Brighton Sharbino, Dominic Monaghan, Will Patton, Fionnula Flanagan","When a nuclear device causes an electromagnetic pulse that kills power to more than 200 million people, a teenage girl must help lead her family to survival in a dark new world.",English,USA,N/A,https://m.media-amazon.com/images/M/MV5BYTA1MGYyZjYtNzBhMC00YjcwLTk0Y2MtNmFmMzUxYmIwZDBiXkEyXkFqcGdeQXVyODY3Nzc0OTk@._V1_SX300.jpg,4.5,474,,,movie,N/A,N/A,N/A
91,659418,Heritage,2019-11-15,tt0150897,N/A,94 min,"Drama, History",Charles Chauvel,Charles Chauvel,"Frank Harvey, Franklyn Bennett, Margot Rhys, Mary Maguire",Follows the life experiences of the Morrison and Parry families as they establish themselves within a new and challenging colony in Sydney. Facing the many trials and tribulations of ...,English,Australia,N/A,https://m.media-amazon.com/images/M/MV5BMTZjMTcwMDgtMzhjNy00YzMwLWE0MjItOTg2MTk2YWM2ZGVhXkEyXkFqcGdeQXVyMTgwMzg4NzY@._V1_SX300.jpg,5.0,16,,,movie,N/A,N/A,N/A
92,639007,The Portal,2019-11-15,tt3009714,N/A,11 min,"Short, Comedy, Fantasy, Sci-Fi",Jonathan Williams,Jonathan Williams,"Tahmoh Penikett, Erin Karpluk, Penelope Park, David Oliver Mes","A dimension-traveling wizard gets stuck in the 21st century because cell-phone radiation interferes with his magic. With his home world on the brink of war, he seeks help from a jaded ...",English,Canada,1 nomination.,https://m.media-amazon.com/images/M/MV5BOTk2NTMxYzMtMjY5ZC00YmQxLTk3YTYtY2EzNGRhZmMxNzNkXkEyXkFqcGdeQXVyNjI5OTgyMjA@._V1_SX300.jpg,7.9,428,,,movie,N/A,N/A,N/A
93,633873,Scandalous,2019-11-15,tt0780587,N/A,105 min,"Comedy, Musical",Álvaro Begines,"Álvaro Begines (screenplay), Miguel A. Carmona (screenplay), Marcos Carnevale (screenplay collaborator), José Antonio Félez (screenplay collaborator)","Carlos Álvarez-Nóvoa, Raúl Arévalo, Àngels Aymar, Pepe Begines",A refreshing and extremely hilarious musical where a family who seems ordinary turns out to be highly dysfunctional. Three women from three generations all decide to abandon their homes on ...,Spanish,Spain,N/A,https://m.media-amazon.com/images/M/MV5BMTE4ZmYwZjItZjY3ZC00NjA3LTllMWEtNDI1NzQxNzI2MDNmXkEyXkFqcGdeQXVyMTA0MjU0Ng@@._V1_SX300.jpg,6.0,219,,,movie,N/A,N/A,Alta Films
94,580563,The Hottest August,2019-11-15,tt9761064,N/A,94 min,Documentary,Brett Story,N/A,Clare Coulter,Ordinary people in New York are asked to talk about their lives and their hopes for the future in a time marked by political division and climate change.,English,"Canada, USA",N/A,https://m.media-amazon.com/images/M/MV5BMzQ0NjY2ZWUtNTAxMi00ZGRlLTgwYTItZTk5NWRhMzcyMjQ5XkEyXkFqcGdeQXVyNjU4Njk1NjA@._V1_SX300.jpg,6.5,43,,,movie,N/A,N/A,Grasshopper Film
95,523646,Lost in America,2019-11-15,tt0089504,R,91 min,Comedy,Albert Brooks,"Albert Brooks, Monica Mcgowan Johnson","Albert Brooks, Julie Hagerty, Sylvia Farrel, Tina Kincaid","A husband and wife in their 30s decide to quit their jobs, live as free spirits and cruise America in a Winnebago.",English,USA,1 win & 1 nomination.,https://m.media-amazon.com/images/M/MV5BNjU4ZTQ5NjktZGFlYy00NTFkLTkwZTItZjE1NDgwMmYwZjljXkEyXkFqcGdeQXVyMTQxNzMzNDI@._V1_SX300.jpg,7.0,"6,737",,,movie,03 Apr 2001,N/A,Warner Bros. Pictures
96,458897,Charlie's Angels,2019-11-15,tt0160127,PG-13,98 min,"Action, Adventure, Comedy, Crime, Thriller",McG,"Ryan Rowe, Ed Solomon, John August, Ivan Goff (TV series), Ben Roberts (TV series)","Cameron Diaz, Drew Barrymore, Lucy Liu, Bill Murray","Three women, detectives with a mysterious boss, retrieve stolen voice-ID software, using martial arts, tech skills, and sex appeal.","English, German, Finnish, Japanese, Cantonese","USA, Germany",15 wins & 30 nominations.,https://m.media-amazon.com/images/M/MV5BMGI1NTM5MTItNDcxMS00YTIwLTg1NjUtNzE5ZGE5NDkxMmU4XkEyXkFqcGdeQXVyMTQxNzMzNDI@._V1_SX300.jpg,5.5,"168,490",,,movie,11 Dec 2001,"$124,420,707",Columbia Pictures
98,359724,Ford v Ferrari,2019-11-15,tt1950186,PG-13,152 min,"Action, Biography, Drama, Sport",James Mangold,"Jez Butterworth, John-Henry Butterworth, Jason Keller","Matt Damon, Christian Bale, Jon Bernthal, Caitriona Balfe","American car designer Carroll Shelby and driver Ken Miles battle corporate interference, the laws of physics and their own personal demons to build a revolutionary race car for Ford and challenge Ferrari at the 24 Hours of Le Mans in 1966.","English, Italian, French, Japanese","USA, France",Nominated for 4 Oscars. Another 18 wins & 63 nominations.,https://m.media-amazon.com/images/M/MV5BYzcyZDNlNDktOWRhYy00ODQ5LTg1ODQtZmFmZTIyMjg2Yjk5XkEyXkFqcGdeQXVyMTkxNjUyNQ@@._V1_SX300.jpg,8.2,"96,322",,,movie,N/A,N/A,20th Century Fox
99,504585,Little Joe,2019-12-06,tt9204204,Not Rated,105 min,"Drama, Sci-Fi",Jessica Hausner,"Géraldine Bajard, Jessica Hausner","Emily Beecham, Ben Whishaw, Kerry Fox, Kit Connor","Alice, a single mother, is a dedicated senior plant breeder at a corporation engaged in developing new species. Against company policy, she takes one home as a gift for her teenage son, Joe.",English,"UK, Austria, Germany",2 wins & 16 nominations.,https://m.media-amazon.com/images/M/MV5BODBlOGExYTUtNGIzZi00NjllLTkwYjEtMmVlZDg3MWIzZWZhXkEyXkFqcGdeQXVyNTYyNTY4ODQ@._V1_SX300.jpg,5.9,"1,712",,,movie,N/A,N/A,Magnolia Pictures
